{
  "name": "widget-inline-extractor",
  "author": "养恐龙",
  "url": "https://github.com/hqweay/widget-inline-extractor",
  "version": "0.0.2",
  "minAppVersion": "2.8.8",
  "displayName": {
    "default": "行内元素抓取",
    "zh_CN": "行内元素抓取"
  },
  "description": {
    "default": "extract all inline elements",
    "zh_CN": "获取文档内的行内元素并以列表形式作为挂件展示"
  },
  "readme": {
    "default": "README.md",
    "zh_CN": "README.md"
  },
  "funding": {
    "openCollective": "",
    "patreon": "",
    "github": "",
    "custom": ["https://leay.net"]
  }
}
